{
  "status": "success",
  "timestamp": "2025-05-06 16:09:10",
  "anomaly_summary": {
    "total_records": 79,
    "anomaly_count": 0,
    "anomaly_percentage": 0.0,
    "parameter_anomalies": {}
  },
  "temperature_analysis": {
    "coolant_temperature": {
      "mean": 19.001827239990234,
      "max": 19.43070411682129,
      "min": 18.75465965270996,
      "last": 19.01390266418457,
      "anomalies": 0
    }
  },
  "plot_data": {
    "time": [
      "00:00:30",
      "00:00:40",
      "00:00:50",
      "00:01:00",
      "00:01:10",
      "00:01:20",
      "00:01:30",
      "00:01:40",
      "00:01:50",
      "00:02:00",
      "00:02:10",
      "00:02:20",
      "00:02:30",
      "00:02:40",
      "00:02:50",
      "00:03:00",
      "00:03:10",
      "00:03:20",
      "00:03:30",
      "00:03:40",
      "00:03:50",
      "00:04:00",
      "00:04:10",
      "00:04:20",
      "00:04:30",
      "00:04:40",
      "00:04:50",
      "00:05:00",
      "00:05:10",
      "00:05:20",
      "00:05:30",
      "00:05:40",
      "02:13:00",
      "02:13:10",
      "02:13:20",
      "02:13:30",
      "02:13:40",
      "02:13:50",
      "02:14:00",
      "02:14:10",
      "02:14:20",
      "02:14:30",
      "02:14:40",
      "02:14:50",
      "02:15:00",
      "02:15:10",
      "02:15:20",
      "02:15:30",
      "02:15:40",
      "02:15:50",
      "02:16:00",
      "02:16:10",
      "02:16:20",
      "02:16:30",
      "02:16:40",
      "02:16:50",
      "02:17:00",
      "02:17:10",
      "02:17:20",
      "05:33:00",
      "05:33:10",
      "05:33:20",
      "05:33:30",
      "05:33:40",
      "05:33:50",
      "05:34:00",
      "05:34:10",
      "05:34:20",
      "05:34:30",
      "05:34:40",
      "05:34:50",
      "05:35:00",
      "05:35:10",
      "05:35:20",
      "05:35:30",
      "05:35:40",
      "05:35:50",
      "05:36:00",
      "05:36:10"
    ],
    "errors": [
      0.040792719258145815,
      0.04072949198283629,
      0.04063291711162906,
      0.04054671424396097,
      0.04051767764158262,
      0.040521843356308665,
      0.04051358235823792,
      0.04051156692249391,
      0.040852701725408475,
      0.04123308311149147,
      0.040639897698429746,
      0.040747132783911934,
      0.040870360625056355,
      0.04192853543603786,
      0.04174100979741209,
      0.04161003079779492,
      0.041487206940094036,
      0.041291203643082634,
      0.04110871377733966,
      0.0410301285258546,
      0.040972442901165945,
      0.040800155690217305,
      0.039780189746778806,
      0.03792389185600197,
      0.034515397508113256,
      0.02831677316857124,
      0.020266540405771485,
      0.011759676436073334,
      0.008065996248104657,
      0.007934628553411746,
      0.010265893729267776,
      0.012867934038124144,
      0.000878281152419449,
      0.0009811159549945948,
      0.0010653371427193194,
      0.001134153541545229,
      0.0010826055438951604,
      0.001015537997660391,
      0.0008922918416339022,
      0.0008058931043522369,
      0.0007415346089616885,
      0.0007561662049028939,
      0.0006487012521428458,
      0.0006589018600455427,
      0.0007159850969790998,
      0.0007899947847319364,
      0.0008309676799741607,
      0.0008610011557720601,
      0.0009228111811445053,
      0.0009368152697372806,
      0.0009685343161104238,
      0.0010587640259548082,
      0.0010709210501746323,
      0.0010700208244926806,
      0.0010709809708348672,
      0.0010669082880938486,
      0.0010375997202132282,
      0.0010338959285676283,
      0.0010208038921411013,
      0.0007429517630358697,
      0.0007546650495126475,
      0.0007797119262905757,
      0.0007979059398412478,
      0.0007935926258715136,
      0.0008222361446887913,
      0.0008562152125616368,
      0.0008741315967234814,
      0.0008642540823011332,
      0.0008875559144029564,
      0.0008905199718881804,
      0.0009095642525610238,
      0.0009078543007057553,
      0.0008886554757150968,
      0.0009106399645494248,
      0.0008905919004170478,
      0.0008708318376340202,
      0.0009029271881946007,
      0.000929467315128034,
      0.0009093220304473085
    ],
    "threshold": 0.08245065142448817,
    "anomaly_indices": [],
    "downsampled": false,
    "original_length": 79
  },
  "temperature_series": {
    "coolant_temperature": [
      18.835567474365234,
      18.857032775878903,
      18.90154838562012,
      18.94171142578125,
      18.960861206054688,
      18.97354507446289,
      18.987812042236328,
      18.99870109558105,
      19.004302978515625,
      18.99006080627441,
      18.96543502807617,
      18.929105758666992,
      18.88047218322754,
      18.83951759338379,
      18.80728530883789,
      18.779071807861328,
      18.773731231689453,
      18.800945281982425,
      18.83547019958496,
      18.84711456298828,
      18.856868743896484,
      18.88525009155273,
      18.936124801635746,
      18.967649459838867,
      18.974653244018555,
      18.984926223754883,
      18.994495391845703,
      18.994611740112305,
      18.994813919067383,
      18.97593688964844,
      18.94110679626465,
      18.910120010375977,
      18.77506256103516,
      18.775768280029297,
      18.77852249145508,
      18.780494689941406,
      18.826881408691406,
      18.91333770751953,
      19.026254653930664,
      19.109411239624023,
      19.168994903564453,
      19.221433639526367,
      19.255260467529297,
      19.272750854492188,
      19.283784866333008,
      19.225730895996094,
      19.18413543701172,
      19.06813240051269,
      18.970020294189453,
      18.87798500061035,
      18.81653594970703,
      18.77175521850586,
      18.75465965270996,
      18.755151748657227,
      18.77274513244629,
      18.815332412719727,
      18.860837936401367,
      18.95940399169922,
      19.054765701293945,
      19.01379776000977,
      19.10723114013672,
      19.175678253173828,
      19.242712020874023,
      19.29224395751953,
      19.37495422363281,
      19.413982391357425,
      19.43070411682129,
      19.41720199584961,
      19.40752601623535,
      19.36761283874512,
      19.30978202819824,
      19.18814468383789,
      19.10098648071289,
      19.03253746032715,
      19.00298118591309,
      18.95856666564941,
      18.934988021850582,
      18.95781898498535,
      19.01390266418457
    ]
  },
  "column_stats": {},
  "sample_anomalies": []
}